"id";"display_name";"gender";"password";"user_name"
6;"Amal Dinesh";"";"$2a$10$HWPL6MtWbXas6KEQ.yI9YeHwWFKVfpF.k3LA8CUiYi9SNYxgvJkYi";"0719999999"
7;"Kamal Lakshan";"";"$2a$10$HWPL6MtWbXas6KEQ.yI9YeHwWFKVfpF.k3LA8CUiYi9SNYxgvJkYi";"0716666666"
8;"Amal Perera";"Male";"$2a$10$HWPL6MtWbXas6KEQ.yI9YeHwWFKVfpF.k3LA8CUiYi9SNYxgvJkYi";"0712345678"
9;"Nimali Silva";"Female";"$2a$10$HWPL6MtWbXas6KEQ.yI9YeHwWFKVfpF.k3LA8CUiYi9SNYxgvJkYi";"0723456789"
10;"Kasun Fernando";"Male";"$2a$10$HWPL6MtWbXas6KEQ.yI9YeHwWFKVfpF.k3LA8CUiYi9SNYxgvJkYi";"0774567890"
11;"Sachini Jayasuriya";"Female";"$2a$10$HWPL6MtWbXas6KEQ.yI9YeHwWFKVfpF.k3LA8CUiYi9SNYxgvJkYi";"0755678901"
12;"Ruwan Kumara";"Male";"$2a$10$HWPL6MtWbXas6KEQ.yI9YeHwWFKVfpF.k3LA8CUiYi9SNYxgvJkYi";"0786789012"
13;"Dilani Perera";"Female";"$2a$10$HWPL6MtWbXas6KEQ.yI9YeHwWFKVfpF.k3LA8CUiYi9SNYxgvJkYi";"0767890123"
14;"Nuwan Wijesinghe";"Male";"$2a$10$HWPL6MtWbXas6KEQ.yI9YeHwWFKVfpF.k3LA8CUiYi9SNYxgvJkYi";"0708901234"
15;"Harini Gunasekara";"Female";"$2a$10$HWPL6MtWbXas6KEQ.yI9YeHwWFKVfpF.k3LA8CUiYi9SNYxgvJkYi";"0749012345"
16;"Chathura Bandara";"Male";"$2a$10$HWPL6MtWbXas6KEQ.yI9YeHwWFKVfpF.k3LA8CUiYi9SNYxgvJkYi";"0710123456"
17;"Ishara Madushani";"Female";"$2a$10$HWPL6MtWbXas6KEQ.yI9YeHwWFKVfpF.k3LA8CUiYi9SNYxgvJkYi";"0721234567"
18;"Pradeep Rathnayake";"Male";"$2a$10$HWPL6MtWbXas6KEQ.yI9YeHwWFKVfpF.k3LA8CUiYi9SNYxgvJkYi";"0772345671"
19;"Sanduni Weerasinghe";"Female";"$2a$10$HWPL6MtWbXas6KEQ.yI9YeHwWFKVfpF.k3LA8CUiYi9SNYxgvJkYi";"0753456782"
20;"Tharindu Senanayake";"Male";"$2a$10$HWPL6MtWbXas6KEQ.yI9YeHwWFKVfpF.k3LA8CUiYi9SNYxgvJkYi";"0784567893"
21;"Piumi Karunaratne";"Female";"$2a$10$HWPL6MtWbXas6KEQ.yI9YeHwWFKVfpF.k3LA8CUiYi9SNYxgvJkYi";"0765678904"
22;"Lakshan Dissanayake";"Male";"$2a$10$HWPL6MtWbXas6KEQ.yI9YeHwWFKVfpF.k3LA8CUiYi9SNYxgvJkYi";"0706789015"
23;"Shashika Abeysekara";"Female";"$2a$10$HWPL6MtWbXas6KEQ.yI9YeHwWFKVfpF.k3LA8CUiYi9SNYxgvJkYi";"0747890126"
24;"Gihan Pathirana";"Male";"$2a$10$HWPL6MtWbXas6KEQ.yI9YeHwWFKVfpF.k3LA8CUiYi9SNYxgvJkYi";"0718901237"
25;"Menaka Samarasinghe";"Female";"$2a$10$HWPL6MtWbXas6KEQ.yI9YeHwWFKVfpF.k3LA8CUiYi9SNYxgvJkYi";"0729012348"
26;"Supun Hettiarachchi";"Male";"$2a$10$HWPL6MtWbXas6KEQ.yI9YeHwWFKVfpF.k3LA8CUiYi9SNYxgvJkYi";"0770123459"
27;"Kaushalya Ranasinghe";"Female";"$2a$10$HWPL6MtWbXas6KEQ.yI9YeHwWFKVfpF.k3LA8CUiYi9SNYxgvJkYi";"0751234560"
28;"Kasun Udeshika";"";"$2a$10$QVwsLA8wGkXubT0KgsDrmupNB7jPFYhPmYt/AdlUnJqumRckFieaK";"0717740910"
